hostname, Common Name, S/N, time to expire, expiration date
gmail.com:443, 'gmail.com', (S/N 73817C27C383D112), 71 days, 2017-06-08 08:54:00 +0000 UTC
gmail.com:443, 'Google Internet Authority G2', (S/N 23A92), 278 days, 2017-12-31 23:59:59 +0000 UTC
gmail.com:443, 'GeoTrust Global CA', (S/N 23456), 1879 days, 2022-05-21 04:00:00 +0000 UTC
api.compromise.rocks:443, 'api.compromise.rocks', (S/N 30478FFF26B7A57DA50F17BC4B82C5E8AC2), 75 days, 2017-06-12 23:33:00 +0000 UTC
api.compromise.rocks:443, 'Let's Encrypt Authority X1', (S/N 9813F47513E5750B43E7431E971E44BD), 1300 days, 2020-10-19 22:33:36 +0000 UTC
api.compromise.rocks:443, 'DST Root CA X3', (S/N 44AFB080D6A327BA893039862EF8406B), 1646 days, 2021-09-30 14:01:15 +0000 UTC
github.com:443, 'github.com', (S/N BFDB4090AD7B5E640C30B16C9529A27), 414 days, 2018-05-17 12:00:00 +0000 UTC
api.compromise.rocks:443, 'api.compromise.rocks', (S/N 30478FFF26B7A57DA50F17BC4B82C5E8AC2), 75 days, 2017-06-12 23:33:00 +0000 UTC
api.compromise.rocks:443, 'Let's Encrypt Authority X1', (S/N 9813F47513E5750B43E7431E971E44BD), 1300 days, 2020-10-19 22:33:36 +0000 UTC
api.compromise.rocks:443, 'DST Root CA X3', (S/N 44AFB080D6A327BA893039862EF8406B), 1646 days, 2021-09-30 14:01:15 +0000 UTC
api.compromise.rocks:443, 'api.compromise.rocks', (S/N 30478FFF26B7A57DA50F17BC4B82C5E8AC2), 75 days, 2017-06-12 23:33:00 +0000 UTC
api.compromise.rocks:443, 'Let's Encrypt Authority X1', (S/N 9813F47513E5750B43E7431E971E44BD), 1300 days, 2020-10-19 22:33:36 +0000 UTC
api.compromise.rocks:443, 'DST Root CA X3', (S/N 44AFB080D6A327BA893039862EF8406B), 1646 days, 2021-09-30 14:01:15 +0000 UTC
amazon.com:443, 'www.amazon.com', (S/N 1D4ABDAA78D09AFE799D41BCEB7A7662), 278 days, 2017-12-31 23:59:59 +0000 UTC
amazon.com:443, 'Symantec Class 3 Secure Server CA - G4', (S/N 513FB9743870B73440418D30930699FF), 2407 days, 2023-10-30 23:59:59 +0000 UTC
google.com:443, '*.google.com', (S/N 32C431246AA504EF), 71 days, 2017-06-08 08:54:00 +0000 UTC
google.com:443, 'Google Internet Authority G2', (S/N 23A92), 278 days, 2017-12-31 23:59:59 +0000 UTC
google.com:443, 'GeoTrust Global CA', (S/N 23456), 1879 days, 2022-05-21 04:00:00 +0000 UTC
api.compromise.rocks:443, 'api.compromise.rocks', (S/N 30478FFF26B7A57DA50F17BC4B82C5E8AC2), 75 days, 2017-06-12 23:33:00 +0000 UTC
api.compromise.rocks:443, 'Let's Encrypt Authority X1', (S/N 9813F47513E5750B43E7431E971E44BD), 1300 days, 2020-10-19 22:33:36 +0000 UTC
api.compromise.rocks:443, 'DST Root CA X3', (S/N 44AFB080D6A327BA893039862EF8406B), 1646 days, 2021-09-30 14:01:15 +0000 UTC
api.compromise.rocks:443, 'api.compromise.rocks', (S/N 30478FFF26B7A57DA50F17BC4B82C5E8AC2), 75 days, 2017-06-12 23:33:00 +0000 UTC
api.compromise.rocks:443, 'Let's Encrypt Authority X1', (S/N 9813F47513E5750B43E7431E971E44BD), 1300 days, 2020-10-19 22:33:36 +0000 UTC
api.compromise.rocks:443, 'DST Root CA X3', (S/N 44AFB080D6A327BA893039862EF8406B), 1646 days, 2021-09-30 14:01:15 +0000 UTC
twitch.tv:443, '*.twitch.tv', (S/N 798E6CD711EC5A1CD46791740B98FC3), 350 days, 2018-03-14 12:00:00 +0000 UTC
twitch.tv:443, 'DigiCert SHA2 Secure Server CA', (S/N 1FDA3EB6ECA75C888438B724BCFBC91), 2170 days, 2023-03-08 12:00:00 +0000 UTC
api.compromise.rocks:443, 'api.compromise.rocks', (S/N 30478FFF26B7A57DA50F17BC4B82C5E8AC2), 75 days, 2017-06-12 23:33:00 +0000 UTC
api.compromise.rocks:443, 'Let's Encrypt Authority X1', (S/N 9813F47513E5750B43E7431E971E44BD), 1300 days, 2020-10-19 22:33:36 +0000 UTC
api.compromise.rocks:443, 'DST Root CA X3', (S/N 44AFB080D6A327BA893039862EF8406B), 1646 days, 2021-09-30 14:01:15 +0000 UTC
api.compromise.rocks:443, 'api.compromise.rocks', (S/N 30478FFF26B7A57DA50F17BC4B82C5E8AC2), 75 days, 2017-06-12 23:33:00 +0000 UTC
api.compromise.rocks:443, 'Let's Encrypt Authority X1', (S/N 9813F47513E5750B43E7431E971E44BD), 1300 days, 2020-10-19 22:33:36 +0000 UTC
api.compromise.rocks:443, 'DST Root CA X3', (S/N 44AFB080D6A327BA893039862EF8406B), 1646 days, 2021-09-30 14:01:15 +0000 UTC
api.compromise.rocks:443, 'api.compromise.rocks', (S/N 30478FFF26B7A57DA50F17BC4B82C5E8AC2), 75 days, 2017-06-12 23:33:00 +0000 UTC
api.compromise.rocks:443, 'Let's Encrypt Authority X1', (S/N 9813F47513E5750B43E7431E971E44BD), 1300 days, 2020-10-19 22:33:36 +0000 UTC
api.compromise.rocks:443, 'DST Root CA X3', (S/N 44AFB080D6A327BA893039862EF8406B), 1646 days, 2021-09-30 14:01:15 +0000 UTC
api.compromise.rocks:443, 'api.compromise.rocks', (S/N 30478FFF26B7A57DA50F17BC4B82C5E8AC2), 75 days, 2017-06-12 23:33:00 +0000 UTC
api.compromise.rocks:443, 'Let's Encrypt Authority X1', (S/N 9813F47513E5750B43E7431E971E44BD), 1300 days, 2020-10-19 22:33:36 +0000 UTC
api.compromise.rocks:443, 'DST Root CA X3', (S/N 44AFB080D6A327BA893039862EF8406B), 1646 days, 2021-09-30 14:01:15 +0000 UTC
api.compromise.rocks:443, 'api.compromise.rocks', (S/N 30478FFF26B7A57DA50F17BC4B82C5E8AC2), 75 days, 2017-06-12 23:33:00 +0000 UTC
api.compromise.rocks:443, 'Let's Encrypt Authority X1', (S/N 9813F47513E5750B43E7431E971E44BD), 1300 days, 2020-10-19 22:33:36 +0000 UTC
api.compromise.rocks:443, 'DST Root CA X3', (S/N 44AFB080D6A327BA893039862EF8406B), 1646 days, 2021-09-30 14:01:15 +0000 UTC
api.compromise.rocks:443, 'api.compromise.rocks', (S/N 30478FFF26B7A57DA50F17BC4B82C5E8AC2), 75 days, 2017-06-12 23:33:00 +0000 UTC
api.compromise.rocks:443, 'Let's Encrypt Authority X1', (S/N 9813F47513E5750B43E7431E971E44BD), 1300 days, 2020-10-19 22:33:36 +0000 UTC
api.compromise.rocks:443, 'DST Root CA X3', (S/N 44AFB080D6A327BA893039862EF8406B), 1646 days, 2021-09-30 14:01:15 +0000 UTC
api.compromise.rocks:443, 'api.compromise.rocks', (S/N 30478FFF26B7A57DA50F17BC4B82C5E8AC2), 75 days, 2017-06-12 23:33:00 +0000 UTC
api.compromise.rocks:443, 'Let's Encrypt Authority X1', (S/N 9813F47513E5750B43E7431E971E44BD), 1300 days, 2020-10-19 22:33:36 +0000 UTC
api.compromise.rocks:443, 'DST Root CA X3', (S/N 44AFB080D6A327BA893039862EF8406B), 1646 days, 2021-09-30 14:01:15 +0000 UTC
api.compromise.rocks:443, 'api.compromise.rocks', (S/N 30478FFF26B7A57DA50F17BC4B82C5E8AC2), 75 days, 2017-06-12 23:33:00 +0000 UTC
api.compromise.rocks:443, 'Let's Encrypt Authority X1', (S/N 9813F47513E5750B43E7431E971E44BD), 1300 days, 2020-10-19 22:33:36 +0000 UTC
api.compromise.rocks:443, 'DST Root CA X3', (S/N 44AFB080D6A327BA893039862EF8406B), 1646 days, 2021-09-30 14:01:15 +0000 UTC
api.compromise.rocks:443, 'api.compromise.rocks', (S/N 30478FFF26B7A57DA50F17BC4B82C5E8AC2), 75 days, 2017-06-12 23:33:00 +0000 UTC
api.compromise.rocks:443, 'Let's Encrypt Authority X1', (S/N 9813F47513E5750B43E7431E971E44BD), 1300 days, 2020-10-19 22:33:36 +0000 UTC
api.compromise.rocks:443, 'DST Root CA X3', (S/N 44AFB080D6A327BA893039862EF8406B), 1646 days, 2021-09-30 14:01:15 +0000 UTC
api.compromise.rocks:443, 'api.compromise.rocks', (S/N 30478FFF26B7A57DA50F17BC4B82C5E8AC2), 75 days, 2017-06-12 23:33:00 +0000 UTC
api.compromise.rocks:443, 'Let's Encrypt Authority X1', (S/N 9813F47513E5750B43E7431E971E44BD), 1300 days, 2020-10-19 22:33:36 +0000 UTC
api.compromise.rocks:443, 'DST Root CA X3', (S/N 44AFB080D6A327BA893039862EF8406B), 1646 days, 2021-09-30 14:01:15 +0000 UTC
api.compromise.rocks:443, 'api.compromise.rocks', (S/N 30478FFF26B7A57DA50F17BC4B82C5E8AC2), 75 days, 2017-06-12 23:33:00 +0000 UTC
api.compromise.rocks:443, 'Let's Encrypt Authority X1', (S/N 9813F47513E5750B43E7431E971E44BD), 1300 days, 2020-10-19 22:33:36 +0000 UTC
api.compromise.rocks:443, 'DST Root CA X3', (S/N 44AFB080D6A327BA893039862EF8406B), 1646 days, 2021-09-30 14:01:15 +0000 UTC
api.compromise.rocks:443, 'api.compromise.rocks', (S/N 30478FFF26B7A57DA50F17BC4B82C5E8AC2), 75 days, 2017-06-12 23:33:00 +0000 UTC
api.compromise.rocks:443, 'Let's Encrypt Authority X1', (S/N 9813F47513E5750B43E7431E971E44BD), 1300 days, 2020-10-19 22:33:36 +0000 UTC
api.compromise.rocks:443, 'DST Root CA X3', (S/N 44AFB080D6A327BA893039862EF8406B), 1646 days, 2021-09-30 14:01:15 +0000 UTC
api.compromise.rocks:443, 'api.compromise.rocks', (S/N 30478FFF26B7A57DA50F17BC4B82C5E8AC2), 75 days, 2017-06-12 23:33:00 +0000 UTC
api.compromise.rocks:443, 'Let's Encrypt Authority X1', (S/N 9813F47513E5750B43E7431E971E44BD), 1300 days, 2020-10-19 22:33:36 +0000 UTC
api.compromise.rocks:443, 'DST Root CA X3', (S/N 44AFB080D6A327BA893039862EF8406B), 1646 days, 2021-09-30 14:01:15 +0000 UTC
api.compromise.rocks:443, 'api.compromise.rocks', (S/N 30478FFF26B7A57DA50F17BC4B82C5E8AC2), 75 days, 2017-06-12 23:33:00 +0000 UTC
api.compromise.rocks:443, 'Let's Encrypt Authority X1', (S/N 9813F47513E5750B43E7431E971E44BD), 1300 days, 2020-10-19 22:33:36 +0000 UTC
api.compromise.rocks:443, 'DST Root CA X3', (S/N 44AFB080D6A327BA893039862EF8406B), 1646 days, 2021-09-30 14:01:15 +0000 UTC
api.compromise.rocks:443, 'api.compromise.rocks', (S/N 30478FFF26B7A57DA50F17BC4B82C5E8AC2), 75 days, 2017-06-12 23:33:00 +0000 UTC
api.compromise.rocks:443, 'Let's Encrypt Authority X1', (S/N 9813F47513E5750B43E7431E971E44BD), 1300 days, 2020-10-19 22:33:36 +0000 UTC
api.compromise.rocks:443, 'DST Root CA X3', (S/N 44AFB080D6A327BA893039862EF8406B), 1646 days, 2021-09-30 14:01:15 +0000 UTC
api.compromise.rocks:443, 'api.compromise.rocks', (S/N 30478FFF26B7A57DA50F17BC4B82C5E8AC2), 75 days, 2017-06-12 23:33:00 +0000 UTC
api.compromise.rocks:443, 'Let's Encrypt Authority X1', (S/N 9813F47513E5750B43E7431E971E44BD), 1300 days, 2020-10-19 22:33:36 +0000 UTC
api.compromise.rocks:443, 'DST Root CA X3', (S/N 44AFB080D6A327BA893039862EF8406B), 1646 days, 2021-09-30 14:01:15 +0000 UTC
api.compromise.rocks:443, 'api.compromise.rocks', (S/N 30478FFF26B7A57DA50F17BC4B82C5E8AC2), 75 days, 2017-06-12 23:33:00 +0000 UTC
api.compromise.rocks:443, 'Let's Encrypt Authority X1', (S/N 9813F47513E5750B43E7431E971E44BD), 1300 days, 2020-10-19 22:33:36 +0000 UTC
api.compromise.rocks:443, 'DST Root CA X3', (S/N 44AFB080D6A327BA893039862EF8406B), 1646 days, 2021-09-30 14:01:15 +0000 UTC
api.compromise.rocks:443, 'api.compromise.rocks', (S/N 30478FFF26B7A57DA50F17BC4B82C5E8AC2), 75 days, 2017-06-12 23:33:00 +0000 UTC
api.compromise.rocks:443, 'Let's Encrypt Authority X1', (S/N 9813F47513E5750B43E7431E971E44BD), 1300 days, 2020-10-19 22:33:36 +0000 UTC
api.compromise.rocks:443, 'DST Root CA X3', (S/N 44AFB080D6A327BA893039862EF8406B), 1646 days, 2021-09-30 14:01:15 +0000 UTC
api.compromise.rocks:443, 'api.compromise.rocks', (S/N 30478FFF26B7A57DA50F17BC4B82C5E8AC2), 75 days, 2017-06-12 23:33:00 +0000 UTC
api.compromise.rocks:443, 'Let's Encrypt Authority X1', (S/N 9813F47513E5750B43E7431E971E44BD), 1300 days, 2020-10-19 22:33:36 +0000 UTC
api.compromise.rocks:443, 'DST Root CA X3', (S/N 44AFB080D6A327BA893039862EF8406B), 1646 days, 2021-09-30 14:01:15 +0000 UTC
api.compromise.rocks:443, 'api.compromise.rocks', (S/N 30478FFF26B7A57DA50F17BC4B82C5E8AC2), 75 days, 2017-06-12 23:33:00 +0000 UTC
api.compromise.rocks:443, 'Let's Encrypt Authority X1', (S/N 9813F47513E5750B43E7431E971E44BD), 1300 days, 2020-10-19 22:33:36 +0000 UTC
api.compromise.rocks:443, 'DST Root CA X3', (S/N 44AFB080D6A327BA893039862EF8406B), 1646 days, 2021-09-30 14:01:15 +0000 UTC
api.compromise.rocks:443, 'api.compromise.rocks', (S/N 30478FFF26B7A57DA50F17BC4B82C5E8AC2), 75 days, 2017-06-12 23:33:00 +0000 UTC
api.compromise.rocks:443, 'Let's Encrypt Authority X1', (S/N 9813F47513E5750B43E7431E971E44BD), 1300 days, 2020-10-19 22:33:36 +0000 UTC
api.compromise.rocks:443, 'DST Root CA X3', (S/N 44AFB080D6A327BA893039862EF8406B), 1646 days, 2021-09-30 14:01:15 +0000 UTC
api.compromise.rocks:443, 'api.compromise.rocks', (S/N 30478FFF26B7A57DA50F17BC4B82C5E8AC2), 75 days, 2017-06-12 23:33:00 +0000 UTC
api.compromise.rocks:443, 'Let's Encrypt Authority X1', (S/N 9813F47513E5750B43E7431E971E44BD), 1300 days, 2020-10-19 22:33:36 +0000 UTC
api.compromise.rocks:443, 'DST Root CA X3', (S/N 44AFB080D6A327BA893039862EF8406B), 1646 days, 2021-09-30 14:01:15 +0000 UTC
api.compromise.rocks:443, 'api.compromise.rocks', (S/N 30478FFF26B7A57DA50F17BC4B82C5E8AC2), 75 days, 2017-06-12 23:33:00 +0000 UTC
api.compromise.rocks:443, 'Let's Encrypt Authority X1', (S/N 9813F47513E5750B43E7431E971E44BD), 1300 days, 2020-10-19 22:33:36 +0000 UTC
api.compromise.rocks:443, 'DST Root CA X3', (S/N 44AFB080D6A327BA893039862EF8406B), 1646 days, 2021-09-30 14:01:15 +0000 UTC
api.compromise.rocks:443, 'api.compromise.rocks', (S/N 30478FFF26B7A57DA50F17BC4B82C5E8AC2), 75 days, 2017-06-12 23:33:00 +0000 UTC
api.compromise.rocks:443, 'Let's Encrypt Authority X1', (S/N 9813F47513E5750B43E7431E971E44BD), 1300 days, 2020-10-19 22:33:36 +0000 UTC
api.compromise.rocks:443, 'DST Root CA X3', (S/N 44AFB080D6A327BA893039862EF8406B), 1646 days, 2021-09-30 14:01:15 +0000 UTC
api.compromise.rocks:443, 'api.compromise.rocks', (S/N 30478FFF26B7A57DA50F17BC4B82C5E8AC2), 75 days, 2017-06-12 23:33:00 +0000 UTC
api.compromise.rocks:443, 'Let's Encrypt Authority X1', (S/N 9813F47513E5750B43E7431E971E44BD), 1300 days, 2020-10-19 22:33:36 +0000 UTC
api.compromise.rocks:443, 'DST Root CA X3', (S/N 44AFB080D6A327BA893039862EF8406B), 1646 days, 2021-09-30 14:01:15 +0000 UTC
api.compromise.rocks:443, 'api.compromise.rocks', (S/N 30478FFF26B7A57DA50F17BC4B82C5E8AC2), 75 days, 2017-06-12 23:33:00 +0000 UTC
api.compromise.rocks:443, 'Let's Encrypt Authority X1', (S/N 9813F47513E5750B43E7431E971E44BD), 1300 days, 2020-10-19 22:33:36 +0000 UTC
api.compromise.rocks:443, 'DST Root CA X3', (S/N 44AFB080D6A327BA893039862EF8406B), 1646 days, 2021-09-30 14:01:15 +0000 UTC
api.compromise.rocks:443, 'api.compromise.rocks', (S/N 30478FFF26B7A57DA50F17BC4B82C5E8AC2), 75 days, 2017-06-12 23:33:00 +0000 UTC
api.compromise.rocks:443, 'Let's Encrypt Authority X1', (S/N 9813F47513E5750B43E7431E971E44BD), 1300 days, 2020-10-19 22:33:36 +0000 UTC
api.compromise.rocks:443, 'DST Root CA X3', (S/N 44AFB080D6A327BA893039862EF8406B), 1646 days, 2021-09-30 14:01:15 +0000 UTC
api.compromise.rocks:443, 'api.compromise.rocks', (S/N 30478FFF26B7A57DA50F17BC4B82C5E8AC2), 75 days, 2017-06-12 23:33:00 +0000 UTC
api.compromise.rocks:443, 'Let's Encrypt Authority X1', (S/N 9813F47513E5750B43E7431E971E44BD), 1300 days, 2020-10-19 22:33:36 +0000 UTC
api.compromise.rocks:443, 'DST Root CA X3', (S/N 44AFB080D6A327BA893039862EF8406B), 1646 days, 2021-09-30 14:01:15 +0000 UTC
api.compromise.rocks:443, 'api.compromise.rocks', (S/N 30478FFF26B7A57DA50F17BC4B82C5E8AC2), 75 days, 2017-06-12 23:33:00 +0000 UTC
api.compromise.rocks:443, 'Let's Encrypt Authority X1', (S/N 9813F47513E5750B43E7431E971E44BD), 1300 days, 2020-10-19 22:33:36 +0000 UTC
api.compromise.rocks:443, 'DST Root CA X3', (S/N 44AFB080D6A327BA893039862EF8406B), 1646 days, 2021-09-30 14:01:15 +0000 UTC
api.compromise.rocks:443, 'api.compromise.rocks', (S/N 30478FFF26B7A57DA50F17BC4B82C5E8AC2), 75 days, 2017-06-12 23:33:00 +0000 UTC
api.compromise.rocks:443, 'Let's Encrypt Authority X1', (S/N 9813F47513E5750B43E7431E971E44BD), 1300 days, 2020-10-19 22:33:36 +0000 UTC
api.compromise.rocks:443, 'DST Root CA X3', (S/N 44AFB080D6A327BA893039862EF8406B), 1646 days, 2021-09-30 14:01:15 +0000 UTC
api.compromise.rocks:443, 'api.compromise.rocks', (S/N 30478FFF26B7A57DA50F17BC4B82C5E8AC2), 75 days, 2017-06-12 23:33:00 +0000 UTC
api.compromise.rocks:443, 'Let's Encrypt Authority X1', (S/N 9813F47513E5750B43E7431E971E44BD), 1300 days, 2020-10-19 22:33:36 +0000 UTC
api.compromise.rocks:443, 'DST Root CA X3', (S/N 44AFB080D6A327BA893039862EF8406B), 1646 days, 2021-09-30 14:01:15 +0000 UTC
api.compromise.rocks:443, 'api.compromise.rocks', (S/N 30478FFF26B7A57DA50F17BC4B82C5E8AC2), 75 days, 2017-06-12 23:33:00 +0000 UTC
api.compromise.rocks:443, 'Let's Encrypt Authority X1', (S/N 9813F47513E5750B43E7431E971E44BD), 1300 days, 2020-10-19 22:33:36 +0000 UTC
api.compromise.rocks:443, 'DST Root CA X3', (S/N 44AFB080D6A327BA893039862EF8406B), 1646 days, 2021-09-30 14:01:15 +0000 UTC
api.compromise.rocks:443, 'api.compromise.rocks', (S/N 30478FFF26B7A57DA50F17BC4B82C5E8AC2), 75 days, 2017-06-12 23:33:00 +0000 UTC
api.compromise.rocks:443, 'Let's Encrypt Authority X1', (S/N 9813F47513E5750B43E7431E971E44BD), 1300 days, 2020-10-19 22:33:36 +0000 UTC
api.compromise.rocks:443, 'DST Root CA X3', (S/N 44AFB080D6A327BA893039862EF8406B), 1646 days, 2021-09-30 14:01:15 +0000 UTC
api.compromise.rocks:443, 'api.compromise.rocks', (S/N 30478FFF26B7A57DA50F17BC4B82C5E8AC2), 75 days, 2017-06-12 23:33:00 +0000 UTC
api.compromise.rocks:443, 'Let's Encrypt Authority X1', (S/N 9813F47513E5750B43E7431E971E44BD), 1300 days, 2020-10-19 22:33:36 +0000 UTC
api.compromise.rocks:443, 'DST Root CA X3', (S/N 44AFB080D6A327BA893039862EF8406B), 1646 days, 2021-09-30 14:01:15 +0000 UTC
api.compromise.rocks:443, 'api.compromise.rocks', (S/N 30478FFF26B7A57DA50F17BC4B82C5E8AC2), 75 days, 2017-06-12 23:33:00 +0000 UTC
api.compromise.rocks:443, 'Let's Encrypt Authority X1', (S/N 9813F47513E5750B43E7431E971E44BD), 1300 days, 2020-10-19 22:33:36 +0000 UTC
api.compromise.rocks:443, 'DST Root CA X3', (S/N 44AFB080D6A327BA893039862EF8406B), 1646 days, 2021-09-30 14:01:15 +0000 UTC
api.compromise.rocks:443, 'api.compromise.rocks', (S/N 30478FFF26B7A57DA50F17BC4B82C5E8AC2), 75 days, 2017-06-12 23:33:00 +0000 UTC
api.compromise.rocks:443, 'Let's Encrypt Authority X1', (S/N 9813F47513E5750B43E7431E971E44BD), 1300 days, 2020-10-19 22:33:36 +0000 UTC
api.compromise.rocks:443, 'DST Root CA X3', (S/N 44AFB080D6A327BA893039862EF8406B), 1646 days, 2021-09-30 14:01:15 +0000 UTC
api.compromise.rocks:443, 'api.compromise.rocks', (S/N 30478FFF26B7A57DA50F17BC4B82C5E8AC2), 75 days, 2017-06-12 23:33:00 +0000 UTC
api.compromise.rocks:443, 'Let's Encrypt Authority X1', (S/N 9813F47513E5750B43E7431E971E44BD), 1300 days, 2020-10-19 22:33:36 +0000 UTC
api.compromise.rocks:443, 'DST Root CA X3', (S/N 44AFB080D6A327BA893039862EF8406B), 1646 days, 2021-09-30 14:01:15 +0000 UTC
api.compromise.rocks:443, 'api.compromise.rocks', (S/N 30478FFF26B7A57DA50F17BC4B82C5E8AC2), 75 days, 2017-06-12 23:33:00 +0000 UTC
api.compromise.rocks:443, 'Let's Encrypt Authority X1', (S/N 9813F47513E5750B43E7431E971E44BD), 1300 days, 2020-10-19 22:33:36 +0000 UTC
api.compromise.rocks:443, 'DST Root CA X3', (S/N 44AFB080D6A327BA893039862EF8406B), 1646 days, 2021-09-30 14:01:15 +0000 UTC
api.compromise.rocks:443, 'api.compromise.rocks', (S/N 30478FFF26B7A57DA50F17BC4B82C5E8AC2), 75 days, 2017-06-12 23:33:00 +0000 UTC
api.compromise.rocks:443, 'Let's Encrypt Authority X1', (S/N 9813F47513E5750B43E7431E971E44BD), 1300 days, 2020-10-19 22:33:36 +0000 UTC
api.compromise.rocks:443, 'DST Root CA X3', (S/N 44AFB080D6A327BA893039862EF8406B), 1646 days, 2021-09-30 14:01:15 +0000 UTC
api.compromise.rocks:443, 'api.compromise.rocks', (S/N 30478FFF26B7A57DA50F17BC4B82C5E8AC2), 75 days, 2017-06-12 23:33:00 +0000 UTC
api.compromise.rocks:443, 'Let's Encrypt Authority X1', (S/N 9813F47513E5750B43E7431E971E44BD), 1300 days, 2020-10-19 22:33:36 +0000 UTC
api.compromise.rocks:443, 'DST Root CA X3', (S/N 44AFB080D6A327BA893039862EF8406B), 1646 days, 2021-09-30 14:01:15 +0000 UTC
api.compromise.rocks:443, 'api.compromise.rocks', (S/N 30478FFF26B7A57DA50F17BC4B82C5E8AC2), 75 days, 2017-06-12 23:33:00 +0000 UTC
api.compromise.rocks:443, 'Let's Encrypt Authority X1', (S/N 9813F47513E5750B43E7431E971E44BD), 1300 days, 2020-10-19 22:33:36 +0000 UTC
api.compromise.rocks:443, 'DST Root CA X3', (S/N 44AFB080D6A327BA893039862EF8406B), 1646 days, 2021-09-30 14:01:15 +0000 UTC
api.compromise.rocks:443, 'api.compromise.rocks', (S/N 30478FFF26B7A57DA50F17BC4B82C5E8AC2), 75 days, 2017-06-12 23:33:00 +0000 UTC
api.compromise.rocks:443, 'Let's Encrypt Authority X1', (S/N 9813F47513E5750B43E7431E971E44BD), 1300 days, 2020-10-19 22:33:36 +0000 UTC
api.compromise.rocks:443, 'DST Root CA X3', (S/N 44AFB080D6A327BA893039862EF8406B), 1646 days, 2021-09-30 14:01:15 +0000 UTC
api.compromise.rocks:443, 'api.compromise.rocks', (S/N 30478FFF26B7A57DA50F17BC4B82C5E8AC2), 75 days, 2017-06-12 23:33:00 +0000 UTC
api.compromise.rocks:443, 'Let's Encrypt Authority X1', (S/N 9813F47513E5750B43E7431E971E44BD), 1300 days, 2020-10-19 22:33:36 +0000 UTC
api.compromise.rocks:443, 'DST Root CA X3', (S/N 44AFB080D6A327BA893039862EF8406B), 1646 days, 2021-09-30 14:01:15 +0000 UTC
api.compromise.rocks:443, 'api.compromise.rocks', (S/N 30478FFF26B7A57DA50F17BC4B82C5E8AC2), 75 days, 2017-06-12 23:33:00 +0000 UTC
api.compromise.rocks:443, 'Let's Encrypt Authority X1', (S/N 9813F47513E5750B43E7431E971E44BD), 1300 days, 2020-10-19 22:33:36 +0000 UTC
api.compromise.rocks:443, 'DST Root CA X3', (S/N 44AFB080D6A327BA893039862EF8406B), 1646 days, 2021-09-30 14:01:15 +0000 UTC
api.compromise.rocks:443, 'api.compromise.rocks', (S/N 30478FFF26B7A57DA50F17BC4B82C5E8AC2), 75 days, 2017-06-12 23:33:00 +0000 UTC
api.compromise.rocks:443, 'Let's Encrypt Authority X1', (S/N 9813F47513E5750B43E7431E971E44BD), 1300 days, 2020-10-19 22:33:36 +0000 UTC
api.compromise.rocks:443, 'DST Root CA X3', (S/N 44AFB080D6A327BA893039862EF8406B), 1646 days, 2021-09-30 14:01:15 +0000 UTC
api.compromise.rocks:443, 'api.compromise.rocks', (S/N 30478FFF26B7A57DA50F17BC4B82C5E8AC2), 75 days, 2017-06-12 23:33:00 +0000 UTC
api.compromise.rocks:443, 'Let's Encrypt Authority X1', (S/N 9813F47513E5750B43E7431E971E44BD), 1300 days, 2020-10-19 22:33:36 +0000 UTC
api.compromise.rocks:443, 'DST Root CA X3', (S/N 44AFB080D6A327BA893039862EF8406B), 1646 days, 2021-09-30 14:01:15 +0000 UTC
api.compromise.rocks:443, 'api.compromise.rocks', (S/N 30478FFF26B7A57DA50F17BC4B82C5E8AC2), 75 days, 2017-06-12 23:33:00 +0000 UTC
api.compromise.rocks:443, 'Let's Encrypt Authority X1', (S/N 9813F47513E5750B43E7431E971E44BD), 1300 days, 2020-10-19 22:33:36 +0000 UTC
api.compromise.rocks:443, 'DST Root CA X3', (S/N 44AFB080D6A327BA893039862EF8406B), 1646 days, 2021-09-30 14:01:15 +0000 UTC
api.compromise.rocks:443, 'api.compromise.rocks', (S/N 30478FFF26B7A57DA50F17BC4B82C5E8AC2), 75 days, 2017-06-12 23:33:00 +0000 UTC
api.compromise.rocks:443, 'Let's Encrypt Authority X1', (S/N 9813F47513E5750B43E7431E971E44BD), 1300 days, 2020-10-19 22:33:36 +0000 UTC
api.compromise.rocks:443, 'DST Root CA X3', (S/N 44AFB080D6A327BA893039862EF8406B), 1646 days, 2021-09-30 14:01:15 +0000 UTC
api.compromise.rocks:443, 'api.compromise.rocks', (S/N 30478FFF26B7A57DA50F17BC4B82C5E8AC2), 75 days, 2017-06-12 23:33:00 +0000 UTC
api.compromise.rocks:443, 'Let's Encrypt Authority X1', (S/N 9813F47513E5750B43E7431E971E44BD), 1300 days, 2020-10-19 22:33:36 +0000 UTC
api.compromise.rocks:443, 'DST Root CA X3', (S/N 44AFB080D6A327BA893039862EF8406B), 1646 days, 2021-09-30 14:01:15 +0000 UTC
api.compromise.rocks:443, 'api.compromise.rocks', (S/N 30478FFF26B7A57DA50F17BC4B82C5E8AC2), 75 days, 2017-06-12 23:33:00 +0000 UTC
api.compromise.rocks:443, 'Let's Encrypt Authority X1', (S/N 9813F47513E5750B43E7431E971E44BD), 1300 days, 2020-10-19 22:33:36 +0000 UTC
api.compromise.rocks:443, 'DST Root CA X3', (S/N 44AFB080D6A327BA893039862EF8406B), 1646 days, 2021-09-30 14:01:15 +0000 UTC
api.compromise.rocks:443, 'api.compromise.rocks', (S/N 30478FFF26B7A57DA50F17BC4B82C5E8AC2), 75 days, 2017-06-12 23:33:00 +0000 UTC
api.compromise.rocks:443, 'Let's Encrypt Authority X1', (S/N 9813F47513E5750B43E7431E971E44BD), 1300 days, 2020-10-19 22:33:36 +0000 UTC
api.compromise.rocks:443, 'DST Root CA X3', (S/N 44AFB080D6A327BA893039862EF8406B), 1646 days, 2021-09-30 14:01:15 +0000 UTC
api.compromise.rocks:443, 'api.compromise.rocks', (S/N 30478FFF26B7A57DA50F17BC4B82C5E8AC2), 75 days, 2017-06-12 23:33:00 +0000 UTC
api.compromise.rocks:443, 'Let's Encrypt Authority X1', (S/N 9813F47513E5750B43E7431E971E44BD), 1300 days, 2020-10-19 22:33:36 +0000 UTC
api.compromise.rocks:443, 'DST Root CA X3', (S/N 44AFB080D6A327BA893039862EF8406B), 1646 days, 2021-09-30 14:01:15 +0000 UTC
api.compromise.rocks:443, 'api.compromise.rocks', (S/N 30478FFF26B7A57DA50F17BC4B82C5E8AC2), 75 days, 2017-06-12 23:33:00 +0000 UTC
api.compromise.rocks:443, 'Let's Encrypt Authority X1', (S/N 9813F47513E5750B43E7431E971E44BD), 1300 days, 2020-10-19 22:33:36 +0000 UTC
api.compromise.rocks:443, 'DST Root CA X3', (S/N 44AFB080D6A327BA893039862EF8406B), 1646 days, 2021-09-30 14:01:15 +0000 UTC
api.compromise.rocks:443, 'api.compromise.rocks', (S/N 30478FFF26B7A57DA50F17BC4B82C5E8AC2), 75 days, 2017-06-12 23:33:00 +0000 UTC
api.compromise.rocks:443, 'Let's Encrypt Authority X1', (S/N 9813F47513E5750B43E7431E971E44BD), 1300 days, 2020-10-19 22:33:36 +0000 UTC
api.compromise.rocks:443, 'DST Root CA X3', (S/N 44AFB080D6A327BA893039862EF8406B), 1646 days, 2021-09-30 14:01:15 +0000 UTC
api.compromise.rocks:443, 'api.compromise.rocks', (S/N 30478FFF26B7A57DA50F17BC4B82C5E8AC2), 75 days, 2017-06-12 23:33:00 +0000 UTC
api.compromise.rocks:443, 'Let's Encrypt Authority X1', (S/N 9813F47513E5750B43E7431E971E44BD), 1300 days, 2020-10-19 22:33:36 +0000 UTC
api.compromise.rocks:443, 'DST Root CA X3', (S/N 44AFB080D6A327BA893039862EF8406B), 1646 days, 2021-09-30 14:01:15 +0000 UTC
api.compromise.rocks:443, 'api.compromise.rocks', (S/N 30478FFF26B7A57DA50F17BC4B82C5E8AC2), 75 days, 2017-06-12 23:33:00 +0000 UTC
api.compromise.rocks:443, 'Let's Encrypt Authority X1', (S/N 9813F47513E5750B43E7431E971E44BD), 1300 days, 2020-10-19 22:33:36 +0000 UTC
api.compromise.rocks:443, 'DST Root CA X3', (S/N 44AFB080D6A327BA893039862EF8406B), 1646 days, 2021-09-30 14:01:15 +0000 UTC
api.compromise.rocks:443, 'api.compromise.rocks', (S/N 30478FFF26B7A57DA50F17BC4B82C5E8AC2), 75 days, 2017-06-12 23:33:00 +0000 UTC
api.compromise.rocks:443, 'Let's Encrypt Authority X1', (S/N 9813F47513E5750B43E7431E971E44BD), 1300 days, 2020-10-19 22:33:36 +0000 UTC
api.compromise.rocks:443, 'DST Root CA X3', (S/N 44AFB080D6A327BA893039862EF8406B), 1646 days, 2021-09-30 14:01:15 +0000 UTC
api.compromise.rocks:443, 'api.compromise.rocks', (S/N 30478FFF26B7A57DA50F17BC4B82C5E8AC2), 75 days, 2017-06-12 23:33:00 +0000 UTC
api.compromise.rocks:443, 'Let's Encrypt Authority X1', (S/N 9813F47513E5750B43E7431E971E44BD), 1300 days, 2020-10-19 22:33:36 +0000 UTC
api.compromise.rocks:443, 'DST Root CA X3', (S/N 44AFB080D6A327BA893039862EF8406B), 1646 days, 2021-09-30 14:01:15 +0000 UTC
api.compromise.rocks:443, 'api.compromise.rocks', (S/N 30478FFF26B7A57DA50F17BC4B82C5E8AC2), 75 days, 2017-06-12 23:33:00 +0000 UTC
api.compromise.rocks:443, 'Let's Encrypt Authority X1', (S/N 9813F47513E5750B43E7431E971E44BD), 1300 days, 2020-10-19 22:33:36 +0000 UTC
api.compromise.rocks:443, 'DST Root CA X3', (S/N 44AFB080D6A327BA893039862EF8406B), 1646 days, 2021-09-30 14:01:15 +0000 UTC
api.compromise.rocks:443, 'api.compromise.rocks', (S/N 30478FFF26B7A57DA50F17BC4B82C5E8AC2), 75 days, 2017-06-12 23:33:00 +0000 UTC
api.compromise.rocks:443, 'Let's Encrypt Authority X1', (S/N 9813F47513E5750B43E7431E971E44BD), 1300 days, 2020-10-19 22:33:36 +0000 UTC
api.compromise.rocks:443, 'DST Root CA X3', (S/N 44AFB080D6A327BA893039862EF8406B), 1646 days, 2021-09-30 14:01:15 +0000 UTC
api.compromise.rocks:443, 'api.compromise.rocks', (S/N 30478FFF26B7A57DA50F17BC4B82C5E8AC2), 75 days, 2017-06-12 23:33:00 +0000 UTC
api.compromise.rocks:443, 'Let's Encrypt Authority X1', (S/N 9813F47513E5750B43E7431E971E44BD), 1300 days, 2020-10-19 22:33:36 +0000 UTC
api.compromise.rocks:443, 'DST Root CA X3', (S/N 44AFB080D6A327BA893039862EF8406B), 1646 days, 2021-09-30 14:01:15 +0000 UTC
api.compromise.rocks:443, 'api.compromise.rocks', (S/N 30478FFF26B7A57DA50F17BC4B82C5E8AC2), 75 days, 2017-06-12 23:33:00 +0000 UTC
api.compromise.rocks:443, 'Let's Encrypt Authority X1', (S/N 9813F47513E5750B43E7431E971E44BD), 1300 days, 2020-10-19 22:33:36 +0000 UTC
api.compromise.rocks:443, 'DST Root CA X3', (S/N 44AFB080D6A327BA893039862EF8406B), 1646 days, 2021-09-30 14:01:15 +0000 UTC
api.compromise.rocks:443, 'api.compromise.rocks', (S/N 30478FFF26B7A57DA50F17BC4B82C5E8AC2), 75 days, 2017-06-12 23:33:00 +0000 UTC
api.compromise.rocks:443, 'Let's Encrypt Authority X1', (S/N 9813F47513E5750B43E7431E971E44BD), 1300 days, 2020-10-19 22:33:36 +0000 UTC
api.compromise.rocks:443, 'DST Root CA X3', (S/N 44AFB080D6A327BA893039862EF8406B), 1646 days, 2021-09-30 14:01:15 +0000 UTC
api.compromise.rocks:443, 'api.compromise.rocks', (S/N 30478FFF26B7A57DA50F17BC4B82C5E8AC2), 75 days, 2017-06-12 23:33:00 +0000 UTC
api.compromise.rocks:443, 'Let's Encrypt Authority X1', (S/N 9813F47513E5750B43E7431E971E44BD), 1300 days, 2020-10-19 22:33:36 +0000 UTC
api.compromise.rocks:443, 'DST Root CA X3', (S/N 44AFB080D6A327BA893039862EF8406B), 1646 days, 2021-09-30 14:01:15 +0000 UTC
api.compromise.rocks:443, 'api.compromise.rocks', (S/N 30478FFF26B7A57DA50F17BC4B82C5E8AC2), 75 days, 2017-06-12 23:33:00 +0000 UTC
api.compromise.rocks:443, 'Let's Encrypt Authority X1', (S/N 9813F47513E5750B43E7431E971E44BD), 1300 days, 2020-10-19 22:33:36 +0000 UTC
api.compromise.rocks:443, 'DST Root CA X3', (S/N 44AFB080D6A327BA893039862EF8406B), 1646 days, 2021-09-30 14:01:15 +0000 UTC
api.compromise.rocks:443, 'api.compromise.rocks', (S/N 30478FFF26B7A57DA50F17BC4B82C5E8AC2), 75 days, 2017-06-12 23:33:00 +0000 UTC
api.compromise.rocks:443, 'Let's Encrypt Authority X1', (S/N 9813F47513E5750B43E7431E971E44BD), 1300 days, 2020-10-19 22:33:36 +0000 UTC
api.compromise.rocks:443, 'DST Root CA X3', (S/N 44AFB080D6A327BA893039862EF8406B), 1646 days, 2021-09-30 14:01:15 +0000 UTC
api.compromise.rocks:443, 'api.compromise.rocks', (S/N 30478FFF26B7A57DA50F17BC4B82C5E8AC2), 75 days, 2017-06-12 23:33:00 +0000 UTC
api.compromise.rocks:443, 'Let's Encrypt Authority X1', (S/N 9813F47513E5750B43E7431E971E44BD), 1300 days, 2020-10-19 22:33:36 +0000 UTC
api.compromise.rocks:443, 'DST Root CA X3', (S/N 44AFB080D6A327BA893039862EF8406B), 1646 days, 2021-09-30 14:01:15 +0000 UTC
api.compromise.rocks:443, 'api.compromise.rocks', (S/N 30478FFF26B7A57DA50F17BC4B82C5E8AC2), 75 days, 2017-06-12 23:33:00 +0000 UTC
api.compromise.rocks:443, 'Let's Encrypt Authority X1', (S/N 9813F47513E5750B43E7431E971E44BD), 1300 days, 2020-10-19 22:33:36 +0000 UTC
api.compromise.rocks:443, 'DST Root CA X3', (S/N 44AFB080D6A327BA893039862EF8406B), 1646 days, 2021-09-30 14:01:15 +0000 UTC
api.compromise.rocks:443, 'api.compromise.rocks', (S/N 30478FFF26B7A57DA50F17BC4B82C5E8AC2), 75 days, 2017-06-12 23:33:00 +0000 UTC
api.compromise.rocks:443, 'Let's Encrypt Authority X1', (S/N 9813F47513E5750B43E7431E971E44BD), 1300 days, 2020-10-19 22:33:36 +0000 UTC
api.compromise.rocks:443, 'DST Root CA X3', (S/N 44AFB080D6A327BA893039862EF8406B), 1646 days, 2021-09-30 14:01:15 +0000 UTC
api.compromise.rocks:443, 'api.compromise.rocks', (S/N 30478FFF26B7A57DA50F17BC4B82C5E8AC2), 75 days, 2017-06-12 23:33:00 +0000 UTC
api.compromise.rocks:443, 'Let's Encrypt Authority X1', (S/N 9813F47513E5750B43E7431E971E44BD), 1300 days, 2020-10-19 22:33:36 +0000 UTC
api.compromise.rocks:443, 'DST Root CA X3', (S/N 44AFB080D6A327BA893039862EF8406B), 1646 days, 2021-09-30 14:01:15 +0000 UTC
api.compromise.rocks:443, 'api.compromise.rocks', (S/N 30478FFF26B7A57DA50F17BC4B82C5E8AC2), 75 days, 2017-06-12 23:33:00 +0000 UTC
api.compromise.rocks:443, 'Let's Encrypt Authority X1', (S/N 9813F47513E5750B43E7431E971E44BD), 1300 days, 2020-10-19 22:33:36 +0000 UTC
api.compromise.rocks:443, 'DST Root CA X3', (S/N 44AFB080D6A327BA893039862EF8406B), 1646 days, 2021-09-30 14:01:15 +0000 UTC
api.compromise.rocks:443, 'api.compromise.rocks', (S/N 30478FFF26B7A57DA50F17BC4B82C5E8AC2), 75 days, 2017-06-12 23:33:00 +0000 UTC
api.compromise.rocks:443, 'Let's Encrypt Authority X1', (S/N 9813F47513E5750B43E7431E971E44BD), 1300 days, 2020-10-19 22:33:36 +0000 UTC
api.compromise.rocks:443, 'DST Root CA X3', (S/N 44AFB080D6A327BA893039862EF8406B), 1646 days, 2021-09-30 14:01:15 +0000 UTC
api.compromise.rocks:443, 'api.compromise.rocks', (S/N 30478FFF26B7A57DA50F17BC4B82C5E8AC2), 75 days, 2017-06-12 23:33:00 +0000 UTC
api.compromise.rocks:443, 'Let's Encrypt Authority X1', (S/N 9813F47513E5750B43E7431E971E44BD), 1300 days, 2020-10-19 22:33:36 +0000 UTC
api.compromise.rocks:443, 'DST Root CA X3', (S/N 44AFB080D6A327BA893039862EF8406B), 1646 days, 2021-09-30 14:01:15 +0000 UTC
api.compromise.rocks:443, 'api.compromise.rocks', (S/N 30478FFF26B7A57DA50F17BC4B82C5E8AC2), 75 days, 2017-06-12 23:33:00 +0000 UTC
api.compromise.rocks:443, 'Let's Encrypt Authority X1', (S/N 9813F47513E5750B43E7431E971E44BD), 1300 days, 2020-10-19 22:33:36 +0000 UTC
api.compromise.rocks:443, 'DST Root CA X3', (S/N 44AFB080D6A327BA893039862EF8406B), 1646 days, 2021-09-30 14:01:15 +0000 UTC
api.compromise.rocks:443, 'api.compromise.rocks', (S/N 30478FFF26B7A57DA50F17BC4B82C5E8AC2), 75 days, 2017-06-12 23:33:00 +0000 UTC
api.compromise.rocks:443, 'Let's Encrypt Authority X1', (S/N 9813F47513E5750B43E7431E971E44BD), 1300 days, 2020-10-19 22:33:36 +0000 UTC
api.compromise.rocks:443, 'DST Root CA X3', (S/N 44AFB080D6A327BA893039862EF8406B), 1646 days, 2021-09-30 14:01:15 +0000 UTC
api.compromise.rocks:443, 'api.compromise.rocks', (S/N 30478FFF26B7A57DA50F17BC4B82C5E8AC2), 75 days, 2017-06-12 23:33:00 +0000 UTC
api.compromise.rocks:443, 'Let's Encrypt Authority X1', (S/N 9813F47513E5750B43E7431E971E44BD), 1300 days, 2020-10-19 22:33:36 +0000 UTC
api.compromise.rocks:443, 'DST Root CA X3', (S/N 44AFB080D6A327BA893039862EF8406B), 1646 days, 2021-09-30 14:01:15 +0000 UTC
api.compromise.rocks:443, 'api.compromise.rocks', (S/N 30478FFF26B7A57DA50F17BC4B82C5E8AC2), 75 days, 2017-06-12 23:33:00 +0000 UTC
api.compromise.rocks:443, 'Let's Encrypt Authority X1', (S/N 9813F47513E5750B43E7431E971E44BD), 1300 days, 2020-10-19 22:33:36 +0000 UTC
api.compromise.rocks:443, 'DST Root CA X3', (S/N 44AFB080D6A327BA893039862EF8406B), 1646 days, 2021-09-30 14:01:15 +0000 UTC
api.compromise.rocks:443, 'api.compromise.rocks', (S/N 30478FFF26B7A57DA50F17BC4B82C5E8AC2), 75 days, 2017-06-12 23:33:00 +0000 UTC
api.compromise.rocks:443, 'Let's Encrypt Authority X1', (S/N 9813F47513E5750B43E7431E971E44BD), 1300 days, 2020-10-19 22:33:36 +0000 UTC
api.compromise.rocks:443, 'DST Root CA X3', (S/N 44AFB080D6A327BA893039862EF8406B), 1646 days, 2021-09-30 14:01:15 +0000 UTC
api.compromise.rocks:443, 'api.compromise.rocks', (S/N 30478FFF26B7A57DA50F17BC4B82C5E8AC2), 75 days, 2017-06-12 23:33:00 +0000 UTC
api.compromise.rocks:443, 'Let's Encrypt Authority X1', (S/N 9813F47513E5750B43E7431E971E44BD), 1300 days, 2020-10-19 22:33:36 +0000 UTC
api.compromise.rocks:443, 'DST Root CA X3', (S/N 44AFB080D6A327BA893039862EF8406B), 1646 days, 2021-09-30 14:01:15 +0000 UTC
api.compromise.rocks:443, 'api.compromise.rocks', (S/N 30478FFF26B7A57DA50F17BC4B82C5E8AC2), 75 days, 2017-06-12 23:33:00 +0000 UTC
api.compromise.rocks:443, 'Let's Encrypt Authority X1', (S/N 9813F47513E5750B43E7431E971E44BD), 1300 days, 2020-10-19 22:33:36 +0000 UTC
api.compromise.rocks:443, 'DST Root CA X3', (S/N 44AFB080D6A327BA893039862EF8406B), 1646 days, 2021-09-30 14:01:15 +0000 UTC
api.compromise.rocks:443, 'api.compromise.rocks', (S/N 30478FFF26B7A57DA50F17BC4B82C5E8AC2), 75 days, 2017-06-12 23:33:00 +0000 UTC
api.compromise.rocks:443, 'Let's Encrypt Authority X1', (S/N 9813F47513E5750B43E7431E971E44BD), 1300 days, 2020-10-19 22:33:36 +0000 UTC
api.compromise.rocks:443, 'DST Root CA X3', (S/N 44AFB080D6A327BA893039862EF8406B), 1646 days, 2021-09-30 14:01:15 +0000 UTC
api.compromise.rocks:443, 'api.compromise.rocks', (S/N 30478FFF26B7A57DA50F17BC4B82C5E8AC2), 75 days, 2017-06-12 23:33:00 +0000 UTC
api.compromise.rocks:443, 'Let's Encrypt Authority X1', (S/N 9813F47513E5750B43E7431E971E44BD), 1300 days, 2020-10-19 22:33:36 +0000 UTC
api.compromise.rocks:443, 'DST Root CA X3', (S/N 44AFB080D6A327BA893039862EF8406B), 1646 days, 2021-09-30 14:01:15 +0000 UTC
api.compromise.rocks:443, 'api.compromise.rocks', (S/N 30478FFF26B7A57DA50F17BC4B82C5E8AC2), 75 days, 2017-06-12 23:33:00 +0000 UTC
api.compromise.rocks:443, 'Let's Encrypt Authority X1', (S/N 9813F47513E5750B43E7431E971E44BD), 1300 days, 2020-10-19 22:33:36 +0000 UTC
api.compromise.rocks:443, 'DST Root CA X3', (S/N 44AFB080D6A327BA893039862EF8406B), 1646 days, 2021-09-30 14:01:15 +0000 UTC
api.compromise.rocks:443, 'api.compromise.rocks', (S/N 30478FFF26B7A57DA50F17BC4B82C5E8AC2), 75 days, 2017-06-12 23:33:00 +0000 UTC
api.compromise.rocks:443, 'Let's Encrypt Authority X1', (S/N 9813F47513E5750B43E7431E971E44BD), 1300 days, 2020-10-19 22:33:36 +0000 UTC
api.compromise.rocks:443, 'DST Root CA X3', (S/N 44AFB080D6A327BA893039862EF8406B), 1646 days, 2021-09-30 14:01:15 +0000 UTC
api.compromise.rocks:443, 'api.compromise.rocks', (S/N 30478FFF26B7A57DA50F17BC4B82C5E8AC2), 75 days, 2017-06-12 23:33:00 +0000 UTC
api.compromise.rocks:443, 'Let's Encrypt Authority X1', (S/N 9813F47513E5750B43E7431E971E44BD), 1300 days, 2020-10-19 22:33:36 +0000 UTC
api.compromise.rocks:443, 'DST Root CA X3', (S/N 44AFB080D6A327BA893039862EF8406B), 1646 days, 2021-09-30 14:01:15 +0000 UTC
api.compromise.rocks:443, 'api.compromise.rocks', (S/N 30478FFF26B7A57DA50F17BC4B82C5E8AC2), 75 days, 2017-06-12 23:33:00 +0000 UTC
api.compromise.rocks:443, 'Let's Encrypt Authority X1', (S/N 9813F47513E5750B43E7431E971E44BD), 1300 days, 2020-10-19 22:33:36 +0000 UTC
api.compromise.rocks:443, 'DST Root CA X3', (S/N 44AFB080D6A327BA893039862EF8406B), 1646 days, 2021-09-30 14:01:15 +0000 UTC
api.compromise.rocks:443, 'api.compromise.rocks', (S/N 30478FFF26B7A57DA50F17BC4B82C5E8AC2), 75 days, 2017-06-12 23:33:00 +0000 UTC
api.compromise.rocks:443, 'Let's Encrypt Authority X1', (S/N 9813F47513E5750B43E7431E971E44BD), 1300 days, 2020-10-19 22:33:36 +0000 UTC
api.compromise.rocks:443, 'DST Root CA X3', (S/N 44AFB080D6A327BA893039862EF8406B), 1646 days, 2021-09-30 14:01:15 +0000 UTC
api.compromise.rocks:443, 'api.compromise.rocks', (S/N 30478FFF26B7A57DA50F17BC4B82C5E8AC2), 75 days, 2017-06-12 23:33:00 +0000 UTC
api.compromise.rocks:443, 'Let's Encrypt Authority X1', (S/N 9813F47513E5750B43E7431E971E44BD), 1300 days, 2020-10-19 22:33:36 +0000 UTC
api.compromise.rocks:443, 'DST Root CA X3', (S/N 44AFB080D6A327BA893039862EF8406B), 1646 days, 2021-09-30 14:01:15 +0000 UTC
api.compromise.rocks:443, 'api.compromise.rocks', (S/N 30478FFF26B7A57DA50F17BC4B82C5E8AC2), 75 days, 2017-06-12 23:33:00 +0000 UTC
api.compromise.rocks:443, 'Let's Encrypt Authority X1', (S/N 9813F47513E5750B43E7431E971E44BD), 1300 days, 2020-10-19 22:33:36 +0000 UTC
api.compromise.rocks:443, 'DST Root CA X3', (S/N 44AFB080D6A327BA893039862EF8406B), 1646 days, 2021-09-30 14:01:15 +0000 UTC
api.compromise.rocks:443, 'api.compromise.rocks', (S/N 30478FFF26B7A57DA50F17BC4B82C5E8AC2), 75 days, 2017-06-12 23:33:00 +0000 UTC
api.compromise.rocks:443, 'Let's Encrypt Authority X1', (S/N 9813F47513E5750B43E7431E971E44BD), 1300 days, 2020-10-19 22:33:36 +0000 UTC
api.compromise.rocks:443, 'DST Root CA X3', (S/N 44AFB080D6A327BA893039862EF8406B), 1646 days, 2021-09-30 14:01:15 +0000 UTC
